{
  "$schema": "../gen/schemas/desktop-schema.json",
  "identifier": "default",
  "description": "enables the default permissions",
  "windows": [
    "main"
  ],
  "permissions": [
    "core:default",
    "core:window:default",
    "core:window:allow-close",
    "core:window:allow-internal-toggle-maximize",
    "core:window:allow-inner-size",
    "core:window:allow-is-always-on-top",
    "core:window:allow-is-fullscreen",
    "core:window:allow-minimize",
    "core:window:allow-start-dragging",
    "core:window:allow-set-always-on-top",
    "core:window:allow-set-fullscreen",
    "core:window:allow-set-size",
    "core:window:allow-toggle-maximize",
    "notification:default",
    "store:default"
  ]
}